{"cameraMode":{"drawMode":0,"name":"Shaded","section":"Shading Mode"},"sceneLighting":false,"audioPlay":false,"sceneViewState":{"m_AlwaysRefresh":false,"showFog":true,"showSkybox":false,"showFlares":true,"showImageEffects":true,"showParticleSystems":true,"showVisualEffectGraphs":true,"m_FxEnabled":true},"in2DMode":false,"pivot":{"x":1.058061122894287,"y":0.9036146402359009,"z":-2.7932357788085939},"rotation":{"x":-0.24381327629089356,"y":0.011612487025558949,"z":-0.002881033346056938,"w":-0.9697864055633545},"size":0.367423415184021,"orthographic":false}