{"cameraMode":{"drawMode":0,"name":"Shaded","section":"Shading Mode"},"sceneLighting":false,"audioPlay":false,"sceneViewState":{"m_AlwaysRefresh":false,"showFog":true,"showSkybox":false,"showFlares":true,"showImageEffects":true,"showParticleSystems":true,"showVisualEffectGraphs":true,"m_FxEnabled":true},"in2DMode":false,"pivot":{"x":0.04283630847930908,"y":2.6546101570129396,"z":-0.007020771503448486},"rotation":{"x":0.06571641564369202,"y":-0.9263489842414856,"z":0.31759756803512576,"w":0.19143368303775788},"size":2.841115951538086,"orthographic":false}