{"cameraMode":{"drawMode":0,"name":"Shaded","section":"Shading Mode"},"sceneLighting":false,"audioPlay":false,"sceneViewState":{"m_AlwaysRefresh":false,"showFog":true,"showSkybox":false,"showFlares":true,"showImageEffects":true,"showParticleSystems":true,"showVisualEffectGraphs":true,"m_FxEnabled":true},"in2DMode":false,"pivot":{"x":4.020187854766846,"y":-1.7704769372940064,"z":-0.17347607016563416},"rotation":{"x":0.24680453538894654,"y":0.3014254868030548,"z":-0.08115672320127487,"w":0.9174807071685791},"size":6.164413928985596,"orthographic":false}