{"cameraMode":{"drawMode":0,"name":"Shaded","section":"Shading Mode"},"sceneLighting":false,"audioPlay":false,"sceneViewState":{"m_AlwaysRefresh":false,"showFog":true,"showSkybox":false,"showFlares":true,"showImageEffects":true,"showParticleSystems":true,"showVisualEffectGraphs":true,"m_FxEnabled":true},"in2DMode":false,"pivot":{"x":-0.6000003814697266,"y":0.5999999046325684,"z":0.2500000596046448},"rotation":{"x":0.06571641564369202,"y":-0.9263489842414856,"z":0.31759756803512576,"w":0.19143368303775788},"size":0.8502199053764343,"orthographic":false}