{"cameraMode":{"drawMode":0,"name":"Shaded","section":"Shading Mode"},"sceneLighting":false,"audioPlay":false,"sceneViewState":{"m_AlwaysRefresh":false,"showFog":true,"showSkybox":false,"showFlares":true,"showImageEffects":true,"showParticleSystems":true,"showVisualEffectGraphs":true,"m_FxEnabled":true},"in2DMode":false,"pivot":{"x":0.06214287132024765,"y":1.1441203355789185,"z":-0.13444247841835023},"rotation":{"x":-0.3804856240749359,"y":-0.5133422613143921,"z":0.27144697308540347,"w":-0.7198224663734436},"size":1.8723156452178956,"orthographic":false}