{"cameraMode":{"drawMode":0,"name":"Shaded","section":"Shading Mode"},"sceneLighting":false,"audioPlay":false,"sceneViewState":{"m_AlwaysRefresh":false,"showFog":true,"showSkybox":false,"showFlares":true,"showImageEffects":true,"showParticleSystems":true,"showVisualEffectGraphs":true,"m_FxEnabled":true},"in2DMode":false,"pivot":{"x":-0.00000286102294921875,"y":0.7537182569503784,"z":0.0000027418136596679689},"rotation":{"x":0.2048460990190506,"y":0.7866068482398987,"z":-0.3417642116546631,"w":0.47180694341659548},"size":2.653775453567505,"orthographic":false}