{"cameraMode":{"drawMode":0,"name":"Shaded","section":"Shading Mode"},"sceneLighting":false,"audioPlay":false,"sceneViewState":{"m_AlwaysRefresh":false,"showFog":false,"showSkybox":false,"showFlares":false,"showImageEffects":false,"showParticleSystems":false,"showVisualEffectGraphs":true,"m_FxEnabled":true},"in2DMode":false,"pivot":{"x":-3.666881561279297,"y":0.3671547770500183,"z":2.2489256858825685},"rotation":{"x":0.015681428834795953,"y":0.5442933440208435,"z":0.008327499963343144,"w":-0.8389604687690735},"size":3.8011956214904787,"orthographic":false}