{"cameraMode":{"drawMode":0,"name":"Shaded","section":"Shading Mode"},"sceneLighting":false,"audioPlay":false,"sceneViewState":{"m_AlwaysRefresh":false,"showFog":true,"showSkybox":false,"showFlares":true,"showImageEffects":true,"showParticleSystems":true,"showVisualEffectGraphs":true,"m_FxEnabled":true},"in2DMode":false,"pivot":{"x":-0.0013408660888671876,"y":0.49354445934295657,"z":-0.00010091066360473633},"rotation":{"x":-0.07977373152971268,"y":0.8856478333473206,"z":-0.16554181277751923,"w":-0.426532506942749},"size":1.6040778160095215,"orthographic":false}