{"cameraMode":{"drawMode":0,"name":"Shaded","section":"Shading Mode"},"sceneLighting":true,"audioPlay":false,"sceneViewState":{"m_AlwaysRefresh":false,"showFog":true,"showSkybox":true,"showFlares":true,"showImageEffects":true,"showParticleSystems":true,"showVisualEffectGraphs":true,"m_FxEnabled":false},"in2DMode":false,"pivot":{"x":1270.354736328125,"y":547.2372436523438,"z":-103.68304443359375},"rotation":{"x":-0.05575761944055557,"y":-0.07410164922475815,"z":0.0026726380456238987,"w":-0.9960125684738159},"size":277.21832275390627,"orthographic":false}