{"cameraMode":{"drawMode":0,"name":"Shaded","section":"Shading Mode"},"sceneLighting":true,"audioPlay":false,"sceneViewState":{"m_AlwaysRefresh":false,"showFog":true,"showSkybox":true,"showFlares":true,"showImageEffects":true,"showParticleSystems":true,"showVisualEffectGraphs":true,"m_FxEnabled":true},"in2DMode":false,"pivot":{"x":-5.99798059463501,"y":1.3585789203643799,"z":3.0618443489074709},"rotation":{"x":0.0015690241707488895,"y":0.9991993308067322,"z":-0.046826012432575229,"w":-0.009512503631412983},"size":1.380275845527649,"orthographic":false}