{"cameraMode":{"drawMode":0,"name":"Shaded","section":"Shading Mode"},"sceneLighting":true,"audioPlay":false,"sceneViewState":{"m_AlwaysRefresh":false,"showFog":true,"showSkybox":true,"showFlares":true,"showImageEffects":true,"showParticleSystems":true,"showVisualEffectGraphs":true,"m_FxEnabled":true},"in2DMode":false,"pivot":{"x":389.0054626464844,"y":489.31671142578127,"z":-423.6398620605469},"rotation":{"x":0.03261830285191536,"y":-0.030050264671444894,"z":-0.003038463881239295,"w":-0.9993545413017273},"size":18.50998878479004,"orthographic":false}