{"cameraMode":{"drawMode":0,"name":"Shaded","section":"Shading Mode"},"sceneLighting":false,"audioPlay":false,"sceneViewState":{"m_AlwaysRefresh":false,"showFog":true,"showSkybox":false,"showFlares":true,"showImageEffects":true,"showParticleSystems":true,"showVisualEffectGraphs":true,"m_FxEnabled":true},"in2DMode":false,"pivot":{"x":0.00382077693939209,"y":1.9138739109039307,"z":-0.0542374849319458},"rotation":{"x":0.012530776672065258,"y":0.9796676635742188,"z":-0.05439991131424904,"w":0.19377435743808747},"size":2.7285521030426027,"orthographic":false}