{"cameraMode":{"drawMode":0,"name":"Shaded","section":"Shading Mode"},"sceneLighting":false,"audioPlay":false,"sceneViewState":{"m_AlwaysRefresh":false,"showFog":true,"showSkybox":false,"showFlares":true,"showImageEffects":true,"showParticleSystems":true,"showVisualEffectGraphs":true,"m_FxEnabled":true},"in2DMode":false,"pivot":{"x":-0.02149885892868042,"y":-0.046958327293395999,"z":0.001399993896484375},"rotation":{"x":-0.10902933031320572,"y":0.7980057597160339,"z":-0.15527333319187165,"w":-0.5725891590118408},"size":0.8113342523574829,"orthographic":false}