{"cameraMode":{"drawMode":0,"name":"Shaded","section":"Shading Mode"},"sceneLighting":false,"audioPlay":false,"sceneViewState":{"m_AlwaysRefresh":false,"showFog":true,"showSkybox":false,"showFlares":true,"showImageEffects":true,"showParticleSystems":true,"showVisualEffectGraphs":true,"m_FxEnabled":false},"in2DMode":false,"pivot":{"x":0.006286680698394775,"y":1.0158326625823975,"z":0.014112293720245362},"rotation":{"x":-0.17688940465450288,"y":0.7796501517295837,"z":-0.2565774619579315,"w":-0.5437543392181397},"size":1.4019678831100464,"orthographic":false}